{"cameraMode":{"drawMode":0,"name":"Shaded","section":"Shading Mode"},"sceneLighting":true,"audioPlay":false,"sceneViewState":{"m_AlwaysRefresh":false,"showFog":true,"showSkybox":true,"showFlares":true,"showImageEffects":true,"showParticleSystems":true,"showVisualEffectGraphs":true,"m_FxEnabled":true},"in2DMode":false,"pivot":{"x":-0.12072595208883286,"y":1.6223392486572266,"z":-6.078117370605469},"rotation":{"x":0.0008111449424177408,"y":0.9995736479759216,"z":0.02968067117035389,"w":-0.013461207039654255},"size":3.9544739723205568,"orthographic":false}