{"cameraMode":{"drawMode":0,"name":"Shaded","section":"Shading Mode"},"sceneLighting":true,"audioPlay":false,"sceneViewState":{"m_AlwaysRefresh":false,"showFog":true,"showSkybox":true,"showFlares":true,"showImageEffects":true,"showParticleSystems":true,"showVisualEffectGraphs":true,"m_FxEnabled":true},"in2DMode":false,"pivot":{"x":-1.1022995710372925,"y":1.9001951217651368,"z":1.7277562618255616},"rotation":{"x":0.00014718536112923175,"y":0.9973477125167847,"z":-0.00032147843739949167,"w":-0.07371408492326737},"size":1.8925671577453614,"orthographic":false}