{"cameraMode":{"drawMode":0,"name":"Shaded","section":"Shading Mode"},"sceneLighting":false,"audioPlay":false,"sceneViewState":{"m_AlwaysRefresh":false,"showFog":true,"showSkybox":false,"showFlares":true,"showImageEffects":true,"showParticleSystems":true,"showVisualEffectGraphs":true,"m_FxEnabled":true},"in2DMode":false,"pivot":{"x":0.01591402292251587,"y":1.1954747438430787,"z":0.26631927490234377},"rotation":{"x":-0.064657062292099,"y":-0.05775054916739464,"z":0.00374477612785995,"w":-0.9962360858917236},"size":1.115159034729004,"orthographic":false}