{"cameraMode":{"drawMode":0,"name":"Shaded","section":"Shading Mode"},"sceneLighting":true,"audioPlay":false,"sceneViewState":{"m_AlwaysRefresh":false,"showFog":true,"showSkybox":false,"showFlares":true,"showImageEffects":true,"showParticleSystems":true,"showVisualEffectGraphs":true,"m_FxEnabled":true},"in2DMode":false,"pivot":{"x":-3.7119998931884767,"y":1.2679998874664307,"z":-4.019999980926514},"rotation":{"x":0.0028148251585662367,"y":0.7601771354675293,"z":0.003106048097833991,"w":-0.6498862504959106},"size":4.919026851654053,"orthographic":false}